subreddit,correlation_coefficient
TrueOffMyChest,0.7904492302904506
unpopularopinion,0.8329072730253577
antiwork,0.8203507005224446
socialskills,0.7242256969368244
AskMen,0.8502598438075363
AmItheAsshole,0.805089104203968
relationship_advice,0.6443628370134271
explainlikeimfive,0.8761328465188262
OutOfTheLoop,0.8587867080726921
tifu,0.8152184885458167
NoStupidQuestions,0.782943169928124
AskWomen,0.7737802547562187
