subreddit,correlation_coefficient
TrueOffMyChest,0.8545432276488629
unpopularopinion,0.843296536142201
antiwork,0.8068856199690001
socialskills,0.834382506259139
AskMen,0.8468371697875884
AmItheAsshole,0.8104258004972631
relationship_advice,0.7381668983737222
explainlikeimfive,0.8527938151180964
OutOfTheLoop,0.9203358971690881
tifu,0.931179178568243
NoStupidQuestions,0.7273653903052063
AskWomen,0.8411305643519686
