subreddit,mean_num_comments,mean_score
TrueOffMyChest,26.694021205027205,166.7430148850662
unpopularopinion,69.72453458453155,275.57981433832805
antiwork,35.58986000756716,306.2671598366538
socialskills,11.686415996522495,39.52945011953923
AskMen,77.70625,98.40285087719299
AmItheAsshole,122.69743815872522,557.3780423486282
relationship_advice,9.361235980274591,6.197164312143696
explainlikeimfive,26.121383815491267,115.37301693107585
OutOfTheLoop,121.06810740013097,637.0330713817943
tifu,97.12004026507843,1144.520845566647
NoStupidQuestions,13.403700272781991,26.440152313951156
AskWomen,99.45896209054104,90.11630474788369
