subreddit,mean_num_comments,mean_score
TrueOffMyChest,21.976769911504423,154.50147492625368
unpopularopinion,36.45123879810227,220.47622561939906
antiwork,14.668865435356201,62.065963060686016
socialskills,8.264415584415584,65.46285714285715
AskMen,60.86521443158611,202.7576582709326
AmItheAsshole,124.2201849489796,814.8555484693877
relationship_advice,11.748753324468085,13.278174867021276
explainlikeimfive,19.274743104380747,122.90156841535965
OutOfTheLoop,82.58680555555556,623.6701388888889
tifu,55.13934426229508,1015.1656908665105
NoStupidQuestions,9.53903737677263,30.277558121145027
AskWomen,64.33123028391167,98.92429022082018
