,subreddit,mean_score,mean_comments
0,TrueOffMyChest,166.7430148850662,26.694021205027205
1,unpopularopinion,275.57981433832805,69.72453458453155
2,antiwork,306.2671598366538,35.58986000756716
3,socialskills,39.52945011953923,11.686415996522495
4,AskMen,98.40285087719299,77.70625
5,AmItheAsshole,557.3780423486282,122.69743815872522
6,relationship_advice,6.197164312143696,9.361235980274591
7,explainlikeimfive,115.37301693107585,26.121383815491267
8,OutOfTheLoop,637.0330713817943,121.06810740013097
9,tifu,1144.520845566647,97.12004026507843
10,NoStupidQuestions,26.440152313951156,13.403700272781991
11,AskWomen,90.11630474788369,99.45896209054104
