subreddit,correlation_coefficient
TrueOffMyChest,0.9875418841017278
unpopularopinion,0.9537434330568637
antiwork,0.6375616794332634
socialskills,0.20150841735642153
AskMen,0.8051933272284397
AmItheAsshole,0.8453270912575784
relationship_advice,0.7696675867970841
explainlikeimfive,0.8845504057101579
OutOfTheLoop,0.9999382349001071
tifu,0.9125667652234699
NoStupidQuestions,0.6166835804495928
AskWomen,0.770402480202509
