subreddit,mean_num_comments,mean_score
TrueOffMyChest,21.06122448979592,144.08163265306123
unpopularopinion,44.45348837209303,322.4651162790698
antiwork,13.25,55.875
socialskills,2.761904761904762,3.5714285714285716
AskMen,32.6875,34.3125
AmItheAsshole,89.3030303030303,482.1969696969697
relationship_advice,11.922794117647058,12.944852941176471
explainlikeimfive,11.428571428571429,22.5
OutOfTheLoop,116.88888888888889,741.7777777777778
tifu,9.538461538461538,42.69230769230769
NoStupidQuestions,5.9289617486338795,3.2076502732240435
AskWomen,31.8,8.0
