,training,test
accuracy,0.3963784183296378,0.39613670133729567
f1,0.39380938939184995,0.392595251057266
precision,0.39584127929986934,0.3948058303170742
recall,0.3963784183296378,0.3961367013372957
