,training,test
accuracy,0.4202260384558931,0.32919254658385094
f1,0.3827044971013094,0.2811499269831472
precision,0.45925773965325956,0.3094235533580229
recall,0.4202260384558931,0.3291925465838509
