dataset,metric,value
train,accuracy,0.5375731679029977
test,accuracy,0.5360962977368804
train,f1,0.4237000402727925
test,f1,0.42155307127189323
train,precision,0.4832566444064005
test,precision,0.46467825728076023
train,recall,0.5375731679029978
test,recall,0.5360962977368804
train,tprate,0.5375731679029978
test,tprate,0.5360962977368804
