dataset,metric,value
train,accuracy,0.19866194268457413
test,accuracy,0.19736532339785254
train,f1,0.19870170630480477
test,f1,0.1973401893646371
train,precision,0.19874204967730408
test,precision,0.19731812479355545
train,recall,0.19866194268457413
test,recall,0.1973653233978525
train,tprate,0.19866194268457413
test,tprate,0.1973653233978525
