dataset,metric,value
train,accuracy,0.4340032590983161
test,accuracy,0.42220884742702375
train,f1,0.3884354697377187
test,f1,0.37444063303764286
train,precision,0.43440603142288586
test,precision,0.4125522634777539
train,recall,0.4340032590983162
test,recall,0.42220884742702375
train,tprate,0.4340032590983162
test,tprate,0.42220884742702375
