dataset,metric,value
train,accuracy,0.7783036846126078
test,accuracy,0.7761180504161066
train,f1,0.7443226425981064
test,f1,0.7427698095978394
train,precision,0.813440541306332
test,precision,0.8110717502290898
train,recall,0.7783036846126078
test,recall,0.7761180504161065
train,tprate,0.7783036846126078
test,tprate,0.7761180504161065
